domain,rater_a,rater_b,n_items,spearman,pearson,mean_abs_diff
Biology,H001,H002,36,0.47884212533393056,0.4754926893804542,1.0231481481481481
Biology,H001,H003,36,0.1084866267958063,0.1851640199545103,0.5833333333333334
Biology,H002,H003,36,0.297609523657138,0.28200493396419696,0.9027777777777776
Chemistry,H006,H007,36,0.13295130900640692,0.129387143197755,0.7407407407407407
Climate/Environment,H004,H005,36,0.18047848878804892,0.12009093571911361,0.49537037037037024
Geoscience,H010,H011,36,0.4165914869371359,0.3680079204611458,0.5509259259259259
Geoscience,H010,H012,36,0.3738121625689875,0.363297063095977,0.8935185185185185
Geoscience,H011,H012,36,0.06994315930783924,0.00817130102341781,1.3055555555555554
Physics,H008,H009,36,-0.15244466136975743,0.008955078960075509,1.2083333333333333
