removed_domain,n,quality_spearman,quality_pearson,risk_spearman,risk_pearson
Biology,144,0.015796597317176614,0.1323344769710384,0.015355662844951722,0.10705531433673163
Chemistry,144,-0.05167396094166238,0.0637132234583331,0.023129423421017703,0.06041191238158417
Climate/Environment,144,-0.004078740265577996,0.09438822787413292,-0.032073926732914856,0.020065985679421777
Geoscience,144,-0.015944056108919077,0.1320270737335131,-0.010504681565599082,0.033261147017663
Physics,144,-0.06711727138111341,-0.057732151119905345,-0.05079151579224736,-0.06696487782662797
