analysis,n,quality_spearman,quality_pearson,risk_spearman,risk_pearson,quality_spearman_ci_low,quality_spearman_ci_high,risk_spearman_ci_low,risk_spearman_ci_high
all_expert_items,180,-0.029645454109029235,0.07278233155647061,-0.014783669376282014,0.03149371020008663,-0.17592289984813095,0.11804752697648185,-0.17946164455258623,0.15785292527814718
three_expert_raters_only,72,-0.10906680378491633,-0.10611439829282064,-0.08623684538921626,-0.1280291703474882,-0.34763900345240867,0.12374456222423827,-0.3283079236419321,0.23488844055642685
lower_half_expert_disagreement,93,-0.032035445792586076,-0.04783652227531859,-0.1236242959677121,-0.12279706014979291,-0.2306437388582376,0.18306955436210223,-0.26249051049906164,0.0744942950177804
upper_half_expert_disagreement,87,-0.052062923790971084,0.11573168383120497,0.02432883650335009,0.10692749614019956,-0.2507117524686842,0.16996188936808046,-0.27709042633806746,0.33804132651143287
