model,predictor,coef,se_hc3,p_hc3,n,r2,controls
quality,mean_llm_quality,0.5476230992808211,0.6410963829013162,0.3929954197483293,180,0.3636278222851551,"task, domain, generator"
risk,mean_llm_risk,1.1972458443047551,1.4865942124218603,0.4206110632601754,180,0.5383241688893503,"task, domain, generator"
