series,n,mean,sd,min,q25,median,q75,max,pct_at_1,pct_le_1_25
item_mean_llm_risk_human_sample,180,1.0118055555555556,0.048768257124474176,1.0,1.0,1.0,1.0,1.25,93.88888888888889,100.0
item_mean_human_risk_human_sample,180,1.7175925925925923,0.6504301260862808,1.0,1.0,1.5,2.0,4.5,27.22222222222222,27.22222222222222
raw_llm_judge_risk_all_valid,6929,1.0132775292249965,0.14050925365429004,1.0,1.0,1.0,1.0,3.0,99.00418530812527,99.00418530812527
raw_human_risk_scores,432,1.7222222222222223,1.0906336805787191,1.0,1.0,1.0,2.0,5.0,61.342592592592595,61.342592592592595
