dimension,dimension_label,krippendorff_alpha_interval,alpha_ci_low,alpha_ci_high,pair_count,mean_pairwise_spearman,median_overlap_items
fa,Factual accuracy,-0.0560722359853254,-0.008589859518102465,0.3748731749050126,9,0.1726521765467473,36.0
cc,Concept completeness,-0.10095900447243822,0.005418771282173197,0.33442559075250283,9,0.19618054593631976,36.0
lc,Language clarity,-0.23547531377439923,-0.12144802683241887,0.22172897863481683,9,0.07164202350412308,36.0
tf,Task fit,-0.18344003289087274,-0.08057145696428585,0.25818961443889316,9,0.16447757036940913,36.0
mq,Misconception handling,-0.16105009993505082,-0.046085456628154615,0.2852765742619668,9,0.0492001917694365,36.0
risk,Expert-perceived misleading risk,-0.1378022202957181,-0.018014865822142432,0.315014112823119,9,0.02893764223551841,36.0
