same_source_judge,items,ratings,quality_spearman,risk_spearman
False,180,1390,-0.03683190927906731,-0.013916936071835374
True,155,155,0.07969918579086585,
