llm_risk_above_floor,n,expert_risk_mean,expert_risk_sd,expert_quality_mean,llm_risk_mean
False,169,1.7071005917159763,0.6098092086101458,4.311308349769888,1.0
True,11,1.878787878787879,1.1379584768125308,4.121212121212121,1.1931818181818181
