dimension,dimension_label,mean_ai,mean_human,gap,abs_gap,median_gap,spearman,pearson
fa,Factual accuracy,4.983842592592593,4.253472222222222,0.7303703703703706,0.7317592592592594,0.6625000000000001,0.17800307955651923,0.16860373401599965
cc,Concept completeness,4.514382716049383,4.011527777777778,0.5028549382716049,0.5947993827160494,0.4388888888888889,-0.01074831434804895,0.005081762778885021
lc,Language clarity,4.956003086419753,4.0737499999999995,0.8822530864197532,0.8836419753086421,0.7999999999999998,-0.02699487565818498,0.07915498119031876
tf,Task fit,4.996882716049383,3.970555555555556,1.026327160493827,1.026327160493827,1.0,-0.03823214598503906,-0.03596615736040396
mq,Misconception handling,4.5109104938271605,3.7051388888888885,0.8057716049382716,0.8691975308641974,0.7875000000000001,0.003397112243853939,0.023854338467846202
risk,Misleading risk,1.0118055555555556,1.6549999999999998,-0.6431944444444445,0.6431944444444445,-0.6000000000000001,0.23185324744489888,0.30270838305729764
