domain,items,quality_gap,risk_gap,risk_gap,mq_gap,notable_pattern,quality_spearman,fa_gap,cc_gap,lc_gap,tf_gap
Biology,36,0.7447530864197532,-0.7546296296296297,-0.7546296296296297,1.5301697530864196,strong misconception-handling overestimation pattern,-0.0903625452797767,0.5871913580246914,0.3138888888888888,0.8641975308641975,0.7407407407407408
Chemistry,36,0.2162808641975308,-0.3410493827160494,-0.3410493827160494,0.1114969135802469,,0.2537244306985145,0.5472993827160494,-0.1441358024691358,0.4332561728395062,0.4791666666666667
Climate/Environment,36,0.2053240740740741,-0.2021604938271605,-0.2021604938271605,-0.0672839506172839,,-0.0176879714056303,0.3410493827160494,0.2890432098765432,0.4513117283950618,0.505246913580247
Geoscience,36,0.4477623456790123,-0.7129629629629629,-0.7129629629629629,0.3576388888888889,,-0.1097921350240795,0.3761574074074073,0.2157407407407407,0.7519290123456791,0.7685185185185185
Physics,36,0.6290895061728394,-1.5181327160493827,-1.5181327160493827,0.483641975308642,strongest risk underestimation in representative cases,0.2207206155983591,0.5397376543209877,0.2770061728395061,0.7978395061728396,0.6805555555555556
