task,items,quality_gap,risk_gap,risk_gap,quality_spearman,fa_gap,cc_gap,lc_gap,tf_gap,mq_gap
A,60,0.5034722222222222,-0.7462962962962965,-0.7462962962962965,-0.0011216085326925,0.5020370370370372,0.3279629629629629,0.7756944444444446,0.6972222222222224,0.5602314814814816
B,60,0.6153703703703702,-0.7842592592592593,-0.7842592592592593,0.020115719315842,0.6050462962962962,0.4010648148148148,0.7170833333333334,0.7855555555555557,0.617638888888889
C,60,0.2270833333333334,-0.5868055555555555,-0.5868055555555555,0.0116068286049157,0.3277777777777777,-0.1581018518518519,0.4863425925925926,0.4217592592592592,0.2715277777777777
